[
  {
    "icon": "fa fa-home",
    "slug": "external",
    "title": "Volver al inicio",
    "path": "index.html"
  },  
  { 
    "id": 1,
    "icon": "fa fa-file-text",
    "slug": "introduccion",
    "title": "Introduccion",
    "breadcrumb": ["Inicio","Introducción"],
    "path": "pages/introduccion.html"     
  },
  { 
    "id": 1,
    "icon": "fa fa-file-text",
    "slug": "tratados",
    "title": "1. Tratados y convenios ambientales ratificados por Colombia",
    "breadcrumb": ["Inicio","Tema 1"],
    "path": "pages/1-tema.html",
    "submenu": [
      {
        "icon": "fa fa-file-text",
        "slug": "tratados",
        "title": "1.1 Convenio de Diversidad Biológica o Convention on Biological Diversity",
        "anchor": "tema1_1"
      },
      {
        "icon": "fa fa-file-text",
        "slug": "tratados",
        "title": "1.2 Convención de las Naciones Unidas de Lucha contra la Desertificación (UNCCD)",
        "anchor": "tema1_2"
      },
      {
        "icon": "fa fa-file-text",
        "slug": "tratados",
        "title": "1.3 Foro de las Naciones Unidas Sobre Bosques (UNFF)",
        "anchor": "tema1_3"
      },
      {
        "icon": "fa fa-file-text",
        "slug": "tratados",
        "title": "1.4 Unión Internacional para la Protección de las Obtenciones Vegetales (UPOV)",
        "anchor": "tema1_4"
      },
      {
        "icon": "fa fa-file-text",
        "slug": "tratados",
        "title": "1.5 Convenio de Viena para la Protección de la Capa de Ozono",
        "anchor": "tema1_5"
      },
      {
        "icon": "fa fa-file-text",
        "slug": "tratados",
        "title": "1.6 Convenio Marco Cambio Climático",
        "anchor": "tema1_2_2"
      },
      {
        "icon": "fa fa-file-text",
        "slug": "tratados",
        "title": "1.7 Protocolo de Kioto",
        "anchor": "tema1_7"
      },
      {
        "icon": "fa fa-file-text",
        "slug": "tratados",
        "title": "1.8 Convenio de Basilea Sobre el Movimiento Transfronterizo de Desechos Peligrosos",
        "anchor": "tema1_8"
      },
      {
        "icon": "fa fa-file-text",
        "slug": "tratados",
        "title": "1.9 Convenio de Rotterdam ",
        "anchor": "tema1_9"
      },
      {
        "icon": "fa fa-file-text",
        "slug": "tratados",
        "title": "1.10 Convenio de Estocolmo sobre Contaminantes Orgánicos Persistentes ",
        "anchor": "tema1_10"
      },
      {
        "icon": "fa fa-file-text",
        "slug": "tratados",
        "title": "1.11 Tratado de Cooperación Amazónica – TCA",
        "anchor": "tema1_11"
      }
    ]
  },
  { 
    "id": 1,
    "icon": "fa fa-file-text",
    "slug": "sistema",
    "title": "2. Sistema Nacional Ambiental (SINA)",
    "breadcrumb": ["Inicio","Tema 2"],
    "path": "pages/2-tema.html",
    "submenu": [
      {
        "icon": "fa fa-file-text",
        "slug": "sistema",
        "title": "2.1. Autoridades Ambientales Nacionales",
        "anchor": "tema2_1"
      },
      {
        "icon": "fa fa-file-text",
        "slug": "sistema",
        "title": "2.1.1. Ministerio de Ambiente y Desarrollo Sostenible",
        "anchor": "tema2_1_1"
      },
      {
        "icon": "fa fa-file-text",
        "slug": "sistema",
        "title": "2.1.2. Autoridad Nacional de Licencias Ambientales",
        "anchor": "tema2_1_2"
      },
      {
        "icon": "fa fa-file-text",
        "slug": "sistema",
        "title": "2.1.3. Parques Nacionales Naturales de Colombia",
        "anchor": "tema2_1_3"
      },
      {
        "icon": "fa fa-file-text",
        "slug": "sistema",
        "title": "2.1.4. Instituto de Hidrología, Meteorología y Estudios Ambientales - IDEAM",
        "anchor": "tema2_1_4"
      },
      {
        "icon": "fa fa-file-text",
        "slug": "sistema",
        "title": "2.2 Autoridades Ambientales Regionales",
        "anchor": "tema2_2"
      },
      {
        "icon": "fa fa-file-text",
        "slug": "sistema",
        "title": "2.3 ridades Ambientales Urbanas",
        "anchor": "tema2_3"
      }

    ]
  },
  { 
    "id": 1,
    "icon": "fa fa-file-text",
    "slug": "indicadores",
    "title": "3. Indicadores Ambientales",
    "breadcrumb": ["Inicio","Tema 3"],
    "path": "pages/3-tema.html",
    "submenu": [
      {
        "icon": "fa fa-file-text",
        "slug": "indicadores",
        "title": "3.1. Huella Hídrica ",
        "anchor": "tema3_1"
      },
      {
        "icon": "fa fa-file-text",
        "slug": "indicadores",
        "title": "3.2. Huella ecológica",
        "anchor": "tema3_2"
      }
    ]  
  },
  { 
    "id": 1,
    "icon": "fa fa-file-text",
    "slug": "plan",
    "title": "4. Plan de acción ambiental",
    "breadcrumb": ["Inicio","Tema 4"],
    "path": "pages/4-tema.html"
  },
  { 
    "id": 1,
    "icon": "fa fa-file-text",
    "slug": "phva",
    "title": "5. Ciclo Deming - PHVA",
    "breadcrumb": ["Inicio","Tema 5"],
    "path": "pages/5-tema.html"
  },
  { 
    "id": 1,
    "icon": "fa fa-file-text",
    "slug": "pasos",
    "title": "6. Pasos para realizar un plan de acción",
    "breadcrumb": ["Inicio","Tema 6"],
    "path": "pages/6-tema.html",
    "submenu": [
      {
        "icon": "fa fa-file-text",
        "slug": "pasos",
        "title": "6.1. Plantear objetivos y estrategias",
        "anchor": "tema6_1"
      },
      {
        "icon": "fa fa-file-text",
        "slug": "pasos",
        "title": "6.2. Plantear tareas y definir tiempos",
        "anchor": "tema6_2"
      },
      {
        "icon": "fa fa-file-text",
        "slug": "pasos",
        "title": "6.3. Ejecutar el plan",
        "anchor": "tema6_3"
      }
    ]  
  },
  { 
    "id": 1,
    "icon": "fa fa-file-text",
    "slug": "bpm",
    "title": "7. Buenas Prácticas de Manufactura (BPM)",
    "breadcrumb": ["Inicio","Tema 7"],
    "path": "pages/7-tema.html"
  }
  
]

